File,Function,LOC,SLOC-P,SLOC-L,MVG,BLOC,C&SLOC,CLOC,CWORD
C:\Documents and Settings\181934\Desktop\Sol Patagonico E4Systems\Source Code\\solpatagonico\login.php,elseif( $action == 'frmModificarClave' ),67,66,12,3,0,0,1,1,
C:\Documents and Settings\181934\Desktop\Sol Patagonico E4Systems\Source Code\\solpatagonico\menu.php,create_menu( $id_padre = 0 ),46,46,18,4,0,9,0,11,
C:\Documents and Settings\181934\Desktop\Sol Patagonico E4Systems\Source Code\\solpatagonico\menu.php,Ir( pagina ),3,3,3,0,0,0,0,0,
C:\Documents and Settings\181934\Desktop\Sol Patagonico E4Systems\Source Code\\solpatagonico\menuvertical.php,"create_menu( $id_padre = 0, $pos = 0, $last = false )",58,56,14,5,2,0,0,0,
C:\Documents and Settings\181934\Desktop\Sol Patagonico E4Systems\Source Code\\solpatagonico\inc\conf.inc.php,is_cuit( $S ),23,21,9,4,2,0,0,0,
C:\Documents and Settings\181934\Desktop\Sol Patagonico E4Systems\Source Code\\solpatagonico\inc\conf[1].inc.php,is_cuit( $S ),23,21,9,4,2,0,0,0,
C:\Documents and Settings\181934\Desktop\Sol Patagonico E4Systems\Source Code\\solpatagonico\inc\download.xml,function(),280,223,182,52,25,7,32,259,
C:\Documents and Settings\181934\Desktop\Sol Patagonico E4Systems\Source Code\\solpatagonico\javascript\calendar.js,"function(mondayFirst, dateStr, yourHandler, yourCloseHandler)",17,16,16,0,0,0,1,2,
C:\Documents and Settings\181934\Desktop\Sol Patagonico E4Systems\Source Code\\solpatagonico\javascript\calendar.js,function(el),8,8,8,2,0,0,0,0,
C:\Documents and Settings\181934\Desktop\Sol Patagonico E4Systems\Source Code\\solpatagonico\javascript\calendar.js,function(el),8,8,7,1,0,0,0,0,
C:\Documents and Settings\181934\Desktop\Sol Patagonico E4Systems\Source Code\\solpatagonico\javascript\calendar.js,function(el),7,7,6,1,0,0,0,0,
C:\Documents and Settings\181934\Desktop\Sol Patagonico E4Systems\Source Code\\solpatagonico\javascript\calendar.js,"function(el, evt)",17,17,13,6,0,0,0,0,
C:\Documents and Settings\181934\Desktop\Sol Patagonico E4Systems\Source Code\\solpatagonico\javascript\calendar.js,"function(year, month)",6,6,5,3,0,0,0,0,
C:\Documents and Settings\181934\Desktop\Sol Patagonico E4Systems\Source Code\\solpatagonico\javascript\calendar.js,"function(el, className)",12,12,9,3,0,0,0,0,
C:\Documents and Settings\181934\Desktop\Sol Patagonico E4Systems\Source Code\\solpatagonico\javascript\calendar.js,"function(el, className)",2,2,2,0,0,0,0,0,
C:\Documents and Settings\181934\Desktop\Sol Patagonico E4Systems\Source Code\\solpatagonico\javascript\calendar.js,function(ev),6,6,5,3,0,0,0,0,
C:\Documents and Settings\181934\Desktop\Sol Patagonico E4Systems\Source Code\\solpatagonico\javascript\calendar.js,function(ev),6,6,5,3,0,0,0,0,
C:\Documents and Settings\181934\Desktop\Sol Patagonico E4Systems\Source Code\\solpatagonico\javascript\calendar.js,function(ev),8,8,7,1,0,0,0,0,
C:\Documents and Settings\181934\Desktop\Sol Patagonico E4Systems\Source Code\\solpatagonico\javascript\calendar.js,"function(el, evname, func)",6,6,5,1,0,0,0,0,
C:\Documents and Settings\181934\Desktop\Sol Patagonico E4Systems\Source Code\\solpatagonico\javascript\calendar.js,"function(el, evname, func)",6,6,5,1,0,0,0,0,
C:\Documents and Settings\181934\Desktop\Sol Patagonico E4Systems\Source Code\\solpatagonico\javascript\calendar.js,function(el),7,7,6,4,0,0,0,0,
C:\Documents and Settings\181934\Desktop\Sol Patagonico E4Systems\Source Code\\solpatagonico\javascript\calendar.js,function(el),7,7,6,4,0,0,0,0,
C:\Documents and Settings\181934\Desktop\Sol Patagonico E4Systems\Source Code\\solpatagonico\javascript\calendar.js,function(ev),41,41,33,10,0,0,0,0,
C:\Documents and Settings\181934\Desktop\Sol Patagonico E4Systems\Source Code\\solpatagonico\javascript\calendar.js,function(ev),38,38,30,8,0,0,0,0,
C:\Documents and Settings\181934\Desktop\Sol Patagonico E4Systems\Source Code\\solpatagonico\javascript\calendar.js,function(ev),4,4,3,1,0,0,0,0,
C:\Documents and Settings\181934\Desktop\Sol Patagonico E4Systems\Source Code\\solpatagonico\javascript\calendar.js,function(),17,17,15,3,0,0,0,0,
C:\Documents and Settings\181934\Desktop\Sol Patagonico E4Systems\Source Code\\solpatagonico\javascript\calendar.js,function(fwd),32,32,27,6,0,0,0,0,
C:\Documents and Settings\181934\Desktop\Sol Patagonico E4Systems\Source Code\\solpatagonico\javascript\calendar.js,function(ev),19,19,17,3,0,0,0,0,
C:\Documents and Settings\181934\Desktop\Sol Patagonico E4Systems\Source Code\\solpatagonico\javascript\calendar.js,function(ev),8,8,8,0,0,0,0,0,
C:\Documents and Settings\181934\Desktop\Sol Patagonico E4Systems\Source Code\\solpatagonico\javascript\calendar.js,function(ev),21,21,19,2,0,0,0,0,
C:\Documents and Settings\181934\Desktop\Sol Patagonico E4Systems\Source Code\\solpatagonico\javascript\calendar.js,function(ev),5,5,4,1,0,0,0,0,
C:\Documents and Settings\181934\Desktop\Sol Patagonico E4Systems\Source Code\\solpatagonico\javascript\calendar.js,function(ev),12,12,9,4,0,0,0,0,
C:\Documents and Settings\181934\Desktop\Sol Patagonico E4Systems\Source Code\\solpatagonico\javascript\calendar.js,function(ev),8,8,7,2,0,0,0,0,
C:\Documents and Settings\181934\Desktop\Sol Patagonico E4Systems\Source Code\\solpatagonico\javascript\calendar.js,"function(a, b)",4,4,2,1,0,0,0,0,
C:\Documents and Settings\181934\Desktop\Sol Patagonico E4Systems\Source Code\\solpatagonico\javascript\calendar.js,function(el),75,75,58,16,0,0,0,0,
C:\Documents and Settings\181934\Desktop\Sol Patagonico E4Systems\Source Code\\solpatagonico\javascript\calendar.js,function(_par),147,126,114,12,17,0,4,21,
C:\Documents and Settings\181934\Desktop\Sol Patagonico E4Systems\Source Code\\solpatagonico\javascript\calendar.js,"function(mondayFirst, date)",71,71,56,11,0,0,0,0,
C:\Documents and Settings\181934\Desktop\Sol Patagonico E4Systems\Source Code\\solpatagonico\javascript\calendar.js,function(date),4,4,3,1,0,0,0,0,
C:\Documents and Settings\181934\Desktop\Sol Patagonico E4Systems\Source Code\\solpatagonico\javascript\calendar.js,function(mondayFirst),3,3,3,0,0,0,0,0,
C:\Documents and Settings\181934\Desktop\Sol Patagonico E4Systems\Source Code\\solpatagonico\javascript\calendar.js,function(),20,20,16,4,0,0,0,0,
C:\Documents and Settings\181934\Desktop\Sol Patagonico E4Systems\Source Code\\solpatagonico\javascript\calendar.js,function(unaryFunction),2,2,2,0,0,0,0,0,
C:\Documents and Settings\181934\Desktop\Sol Patagonico E4Systems\Source Code\\solpatagonico\javascript\calendar.js,"function(a, z)",3,3,3,0,0,0,0,0,
C:\Documents and Settings\181934\Desktop\Sol Patagonico E4Systems\Source Code\\solpatagonico\javascript\calendar.js,function(),4,4,3,1,0,0,0,0,
C:\Documents and Settings\181934\Desktop\Sol Patagonico E4Systems\Source Code\\solpatagonico\javascript\calendar.js,function(),5,5,4,1,0,0,0,0,
C:\Documents and Settings\181934\Desktop\Sol Patagonico E4Systems\Source Code\\solpatagonico\javascript\calendar.js,function(),5,5,5,0,0,0,0,0,
C:\Documents and Settings\181934\Desktop\Sol Patagonico E4Systems\Source Code\\solpatagonico\javascript\calendar.js,function(new_parent),4,4,4,0,0,0,0,0,
C:\Documents and Settings\181934\Desktop\Sol Patagonico E4Systems\Source Code\\solpatagonico\javascript\calendar.js,function(),3,3,3,0,0,0,0,0,
C:\Documents and Settings\181934\Desktop\Sol Patagonico E4Systems\Source Code\\solpatagonico\javascript\calendar.js,function(),2,2,2,0,0,0,0,0,
C:\Documents and Settings\181934\Desktop\Sol Patagonico E4Systems\Source Code\\solpatagonico\javascript\calendar.js,"function(x, y)",5,5,5,0,0,0,0,0,
C:\Documents and Settings\181934\Desktop\Sol Patagonico E4Systems\Source Code\\solpatagonico\javascript\calendar.js,function(el),3,3,3,0,0,0,0,0,
C:\Documents and Settings\181934\Desktop\Sol Patagonico E4Systems\Source Code\\solpatagonico\javascript\calendar.js,function(),3,3,3,0,0,0,0,0,
C:\Documents and Settings\181934\Desktop\Sol Patagonico E4Systems\Source Code\\solpatagonico\javascript\calendar.js,function(ev),20,20,18,2,0,0,0,0,
C:\Documents and Settings\181934\Desktop\Sol Patagonico E4Systems\Source Code\\solpatagonico\javascript\calendar.js,function(str),2,2,2,0,0,0,0,0,
C:\Documents and Settings\181934\Desktop\Sol Patagonico E4Systems\Source Code\\solpatagonico\javascript\calendar.js,function(),22,22,21,2,0,0,0,0,
C:\Documents and Settings\181934\Desktop\Sol Patagonico E4Systems\Source Code\\solpatagonico\javascript\calendar.js,"function(str, fmt)",64,64,47,19,0,0,0,0,
C:\Documents and Settings\181934\Desktop\Sol Patagonico E4Systems\Source Code\\solpatagonico\javascript\calendar.js,function(),30,25,22,3,5,0,0,0,
C:\Documents and Settings\181934\Desktop\Sol Patagonico E4Systems\Source Code\\solpatagonico\javascript\CalendarPopup.js,getAnchorPosition(anchorname),41,38,31,6,0,0,3,18,
C:\Documents and Settings\181934\Desktop\Sol Patagonico E4Systems\Source Code\\solpatagonico\javascript\CalendarPopup.js,getAnchorWindowPosition(anchorname),25,25,20,3,0,0,0,0,
C:\Documents and Settings\181934\Desktop\Sol Patagonico E4Systems\Source Code\\solpatagonico\javascript\CalendarPopup.js,AnchorPosition_getPageOffsetLeft(el),4,4,4,2,0,0,0,0,
C:\Documents and Settings\181934\Desktop\Sol Patagonico E4Systems\Source Code\\solpatagonico\javascript\CalendarPopup.js,AnchorPosition_getWindowOffsetLeft(el),2,2,2,1,0,0,0,0,
C:\Documents and Settings\181934\Desktop\Sol Patagonico E4Systems\Source Code\\solpatagonico\javascript\CalendarPopup.js,AnchorPosition_getPageOffsetTop(el),4,4,4,2,0,0,0,0,
C:\Documents and Settings\181934\Desktop\Sol Patagonico E4Systems\Source Code\\solpatagonico\javascript\CalendarPopup.js,AnchorPosition_getWindowOffsetTop(el),2,2,2,1,0,0,0,0,
C:\Documents and Settings\181934\Desktop\Sol Patagonico E4Systems\Source Code\\solpatagonico\javascript\CalendarPopup.js,LZ(x),1,1,1,0,0,0,0,0,
C:\Documents and Settings\181934\Desktop\Sol Patagonico E4Systems\Source Code\\solpatagonico\javascript\CalendarPopup.js,"isDate(val,format)",4,4,4,2,0,0,0,0,
C:\Documents and Settings\181934\Desktop\Sol Patagonico E4Systems\Source Code\\solpatagonico\javascript\CalendarPopup.js,"compareDates(date1,dateformat1,date2,dateformat2)",10,10,8,4,0,0,0,0,
C:\Documents and Settings\181934\Desktop\Sol Patagonico E4Systems\Source Code\\solpatagonico\javascript\CalendarPopup.js,"formatDate(date,format)",54,53,52,8,0,0,1,7,
C:\Documents and Settings\181934\Desktop\Sol Patagonico E4Systems\Source Code\\solpatagonico\javascript\CalendarPopup.js,_isInteger(val),6,6,5,3,0,0,0,0,
C:\Documents and Settings\181934\Desktop\Sol Patagonico E4Systems\Source Code\\solpatagonico\javascript\CalendarPopup.js,"_getInt(str,i,minlength,maxlength)",7,7,6,4,0,0,0,0,
C:\Documents and Settings\181934\Desktop\Sol Patagonico E4Systems\Source Code\\solpatagonico\javascript\CalendarPopup.js,"getDateFromFormat(val,format)",122,115,92,36,1,1,6,41,
C:\Documents and Settings\181934\Desktop\Sol Patagonico E4Systems\Source Code\\solpatagonico\javascript\CalendarPopup.js,parseDate(val),15,15,13,4,0,0,0,0,
C:\Documents and Settings\181934\Desktop\Sol Patagonico E4Systems\Source Code\\solpatagonico\javascript\CalendarPopup.js,PopupWindow_getXYPosition(anchorname),10,10,8,1,0,0,0,0,
C:\Documents and Settings\181934\Desktop\Sol Patagonico E4Systems\Source Code\\solpatagonico\javascript\CalendarPopup.js,"PopupWindow_setSize(width,height)",3,3,3,0,0,0,0,0,
C:\Documents and Settings\181934\Desktop\Sol Patagonico E4Systems\Source Code\\solpatagonico\javascript\CalendarPopup.js,PopupWindow_populate(contents),3,3,3,0,0,0,0,0,
C:\Documents and Settings\181934\Desktop\Sol Patagonico E4Systems\Source Code\\solpatagonico\javascript\CalendarPopup.js,PopupWindow_setUrl(url),2,2,2,0,0,0,0,0,
C:\Documents and Settings\181934\Desktop\Sol Patagonico E4Systems\Source Code\\solpatagonico\javascript\CalendarPopup.js,PopupWindow_setWindowProperties(props),2,2,2,0,0,0,0,0,
C:\Documents and Settings\181934\Desktop\Sol Patagonico E4Systems\Source Code\\solpatagonico\javascript\CalendarPopup.js,PopupWindow_refresh(),29,28,20,4,0,0,1,4,
C:\Documents and Settings\181934\Desktop\Sol Patagonico E4Systems\Source Code\\solpatagonico\javascript\CalendarPopup.js,PopupWindow_showPopup(anchorname),46,44,33,10,0,0,2,16,
C:\Documents and Settings\181934\Desktop\Sol Patagonico E4Systems\Source Code\\solpatagonico\javascript\CalendarPopup.js,PopupWindow_hidePopup(),18,18,12,3,0,0,0,0,
C:\Documents and Settings\181934\Desktop\Sol Patagonico E4Systems\Source Code\\solpatagonico\javascript\CalendarPopup.js,PopupWindow_isClicked(e),34,34,25,14,0,1,0,9,
C:\Documents and Settings\181934\Desktop\Sol Patagonico E4Systems\Source Code\\solpatagonico\javascript\CalendarPopup.js,PopupWindow_hideIfNotClicked(e),4,4,3,1,0,0,0,0,
C:\Documents and Settings\181934\Desktop\Sol Patagonico E4Systems\Source Code\\solpatagonico\javascript\CalendarPopup.js,PopupWindow_autoHide(),2,2,2,0,0,0,0,0,
C:\Documents and Settings\181934\Desktop\Sol Patagonico E4Systems\Source Code\\solpatagonico\javascript\CalendarPopup.js,PopupWindow_hidePopupWindows(e),7,7,5,2,0,0,0,0,
C:\Documents and Settings\181934\Desktop\Sol Patagonico E4Systems\Source Code\\solpatagonico\javascript\CalendarPopup.js,PopupWindow_attachListener(),11,11,8,2,0,0,0,0,
C:\Documents and Settings\181934\Desktop\Sol Patagonico E4Systems\Source Code\\solpatagonico\javascript\CalendarPopup.js,PopupWindow(),48,46,43,5,1,0,1,2,
C:\Documents and Settings\181934\Desktop\Sol Patagonico E4Systems\Source Code\\solpatagonico\javascript\CalendarPopup.js,CalendarPopup(),62,59,57,2,0,0,3,7,
C:\Documents and Settings\181934\Desktop\Sol Patagonico E4Systems\Source Code\\solpatagonico\javascript\CalendarPopup.js,CP_copyMonthNamesToWindow(),11,10,7,3,0,0,1,7,
C:\Documents and Settings\181934\Desktop\Sol Patagonico E4Systems\Source Code\\solpatagonico\javascript\CalendarPopup.js,"CP_tmpReturnFunction(y,m,d)",9,9,7,2,0,0,0,0,
C:\Documents and Settings\181934\Desktop\Sol Patagonico E4Systems\Source Code\\solpatagonico\javascript\CalendarPopup.js,"CP_tmpReturnMonthFunction(y,m)",2,2,2,0,0,0,0,0,
C:\Documents and Settings\181934\Desktop\Sol Patagonico E4Systems\Source Code\\solpatagonico\javascript\CalendarPopup.js,"CP_tmpReturnQuarterFunction(y,q)",2,2,2,0,0,0,0,0,
C:\Documents and Settings\181934\Desktop\Sol Patagonico E4Systems\Source Code\\solpatagonico\javascript\CalendarPopup.js,CP_tmpReturnYearFunction(y),2,2,2,0,0,0,0,0,
C:\Documents and Settings\181934\Desktop\Sol Patagonico E4Systems\Source Code\\solpatagonico\javascript\CalendarPopup.js,CP_setReturnFunction(name),1,1,1,0,0,0,0,0,
C:\Documents and Settings\181934\Desktop\Sol Patagonico E4Systems\Source Code\\solpatagonico\javascript\CalendarPopup.js,CP_setReturnMonthFunction(name),1,1,1,0,0,0,0,0,
C:\Documents and Settings\181934\Desktop\Sol Patagonico E4Systems\Source Code\\solpatagonico\javascript\CalendarPopup.js,CP_setReturnQuarterFunction(name),1,1,1,0,0,0,0,0,
C:\Documents and Settings\181934\Desktop\Sol Patagonico E4Systems\Source Code\\solpatagonico\javascript\CalendarPopup.js,CP_setReturnYearFunction(name),1,1,1,0,0,0,0,0,
C:\Documents and Settings\181934\Desktop\Sol Patagonico E4Systems\Source Code\\solpatagonico\javascript\CalendarPopup.js,CP_setMonthNames(),3,3,3,1,0,0,0,0,
C:\Documents and Settings\181934\Desktop\Sol Patagonico E4Systems\Source Code\\solpatagonico\javascript\CalendarPopup.js,CP_setMonthAbbreviations(),3,3,3,1,0,0,0,0,
C:\Documents and Settings\181934\Desktop\Sol Patagonico E4Systems\Source Code\\solpatagonico\javascript\CalendarPopup.js,CP_setDayHeaders(),2,2,2,1,0,0,0,0,
C:\Documents and Settings\181934\Desktop\Sol Patagonico E4Systems\Source Code\\solpatagonico\javascript\CalendarPopup.js,CP_setWeekStartDay(day),1,1,1,0,0,0,0,0,
C:\Documents and Settings\181934\Desktop\Sol Patagonico E4Systems\Source Code\\solpatagonico\javascript\CalendarPopup.js,CP_showYearNavigation(),1,1,1,0,0,0,0,0,
C:\Documents and Settings\181934\Desktop\Sol Patagonico E4Systems\Source Code\\solpatagonico\javascript\CalendarPopup.js,CP_setDisplayType(type),3,3,3,1,0,0,0,0,
C:\Documents and Settings\181934\Desktop\Sol Patagonico E4Systems\Source Code\\solpatagonico\javascript\CalendarPopup.js,CP_setYearSelectStartOffset(num),1,1,1,0,0,0,0,0,
C:\Documents and Settings\181934\Desktop\Sol Patagonico E4Systems\Source Code\\solpatagonico\javascript\CalendarPopup.js,CP_setDisabledWeekDays(),3,3,3,1,0,0,0,0,
C:\Documents and Settings\181934\Desktop\Sol Patagonico E4Systems\Source Code\\solpatagonico\javascript\CalendarPopup.js,"CP_addDisabledDates(start, end)",9,9,9,6,0,0,0,0,
C:\Documents and Settings\181934\Desktop\Sol Patagonico E4Systems\Source Code\\solpatagonico\javascript\CalendarPopup.js,CP_setTodayText(text),2,2,2,0,0,0,0,0,
C:\Documents and Settings\181934\Desktop\Sol Patagonico E4Systems\Source Code\\solpatagonico\javascript\CalendarPopup.js,CP_setCssPrefix(val),2,2,2,0,0,0,0,0,
C:\Documents and Settings\181934\Desktop\Sol Patagonico E4Systems\Source Code\\solpatagonico\javascript\CalendarPopup.js,CP_showNavigationDropdowns(),1,1,1,0,0,0,0,0,
C:\Documents and Settings\181934\Desktop\Sol Patagonico E4Systems\Source Code\\solpatagonico\javascript\CalendarPopup.js,CP_showYearNavigationInput(),1,1,1,0,0,0,0,0,
C:\Documents and Settings\181934\Desktop\Sol Patagonico E4Systems\Source Code\\solpatagonico\javascript\CalendarPopup.js,CP_hideCalendar(),3,3,3,1,0,0,0,0,
C:\Documents and Settings\181934\Desktop\Sol Patagonico E4Systems\Source Code\\solpatagonico\javascript\CalendarPopup.js,CP_refreshCalendar(index),9,9,7,1,0,0,0,0,
C:\Documents and Settings\181934\Desktop\Sol Patagonico E4Systems\Source Code\\solpatagonico\javascript\CalendarPopup.js,CP_showCalendar(anchorname),11,11,8,2,0,0,0,0,
C:\Documents and Settings\181934\Desktop\Sol Patagonico E4Systems\Source Code\\solpatagonico\javascript\CalendarPopup.js,"CP_select(inputobj, linkname, format)",32,32,25,7,0,1,0,8,
C:\Documents and Settings\181934\Desktop\Sol Patagonico E4Systems\Source Code\\solpatagonico\javascript\CalendarPopup.js,getCalendarStyles(),21,21,21,2,0,0,0,0,
C:\Documents and Settings\181934\Desktop\Sol Patagonico E4Systems\Source Code\\solpatagonico\javascript\CalendarPopup.js,CP_getCalendar(),240,218,175,45,8,0,14,44,
C:\Documents and Settings\181934\Desktop\Sol Patagonico E4Systems\Source Code\\solpatagonico\javascript\cssexpr.js,constExpression(x),2,2,2,1,0,0,0,0,
C:\Documents and Settings\181934\Desktop\Sol Patagonico E4Systems\Source Code\\solpatagonico\javascript\cssexpr.js,simplifyCSSExpression(),14,12,9,1,2,0,0,0,
C:\Documents and Settings\181934\Desktop\Sol Patagonico E4Systems\Source Code\\solpatagonico\javascript\cssexpr.js,simplifyCSSBlock(ss),15,10,7,3,3,0,2,11,
C:\Documents and Settings\181934\Desktop\Sol Patagonico E4Systems\Source Code\\solpatagonico\javascript\cssexpr.js,simplifyCSSRule(r),16,10,8,1,3,0,3,18,
C:\Documents and Settings\181934\Desktop\Sol Patagonico E4Systems\Source Code\\solpatagonico\javascript\cssexpr.js,simplifyCSSRuleHelper(str),10,10,9,2,0,0,0,0,
C:\Documents and Settings\181934\Desktop\Sol Patagonico E4Systems\Source Code\\solpatagonico\javascript\xajax.js,Array.prototype.containsValue=function(valueToCheck),1,1,2,1,0,0,0,0,
C:\Documents and Settings\181934\Desktop\Sol Patagonico E4Systems\Source Code\\solpatagonico\javascript\xajax.js,Xajax(),167,167,139,19,0,0,0,0,
C:\Documents and Settings\181934\Desktop\Sol Patagonico E4Systems\Source Code\\solpatagonico\sections\embalaje.php,bajar_cliente( $cod_cliente ),25,24,16,3,1,0,0,0,
C:\Documents and Settings\181934\Desktop\Sol Patagonico E4Systems\Source Code\\solpatagonico\sections\embalaje.php,"bajar_sucursal( $cod_sucursal, $id_cliente )",25,24,15,3,1,0,0,0,
C:\Documents and Settings\181934\Desktop\Sol Patagonico E4Systems\Source Code\\solpatagonico\sections\embalaje.php,seleccionar(),12,12,11,1,0,0,0,0,
C:\Documents and Settings\181934\Desktop\Sol Patagonico E4Systems\Source Code\\solpatagonico\sections\embalaje.php,seleccionar_sucursal( id ),6,5,5,0,1,0,0,0,
C:\Documents and Settings\181934\Desktop\Sol Patagonico E4Systems\Source Code\\solpatagonico\sections\embalaje.php,seleccionar_cliente( id ),7,6,6,0,1,0,0,0,
C:\Documents and Settings\181934\Desktop\Sol Patagonico E4Systems\Source Code\\solpatagonico\sections\embalaje.php,enter( funcion ),4,4,3,1,0,0,0,0,
C:\Documents and Settings\181934\Desktop\Sol Patagonico E4Systems\Source Code\\solpatagonico\sections\embalaje.php,preview(),9,9,8,1,0,0,0,0,
C:\Documents and Settings\181934\Desktop\Sol Patagonico E4Systems\Source Code\\solpatagonico\sections\entrega.php,bajar_camionero( $cod_camionero ),23,22,13,3,1,0,0,0,
C:\Documents and Settings\181934\Desktop\Sol Patagonico E4Systems\Source Code\\solpatagonico\sections\entrega.php,"bajar_transporte( $cod_transporte, $dni_transportista )",30,28,14,3,2,0,0,0,
C:\Documents and Settings\181934\Desktop\Sol Patagonico E4Systems\Source Code\\solpatagonico\sections\entrega.php,seleccionar(),12,12,11,1,0,0,0,0,
C:\Documents and Settings\181934\Desktop\Sol Patagonico E4Systems\Source Code\\solpatagonico\sections\entrega.php,seleccionar_transporte( id ),6,5,5,0,1,0,0,0,
C:\Documents and Settings\181934\Desktop\Sol Patagonico E4Systems\Source Code\\solpatagonico\sections\entrega.php,seleccionar_camionero( id ),7,6,6,0,1,0,0,0,
C:\Documents and Settings\181934\Desktop\Sol Patagonico E4Systems\Source Code\\solpatagonico\sections\entrega.php,enter( funcion ),4,4,3,1,0,0,0,0,
C:\Documents and Settings\181934\Desktop\Sol Patagonico E4Systems\Source Code\\solpatagonico\sections\entrega.php,preview(),9,9,8,1,0,0,0,0,
C:\Documents and Settings\181934\Desktop\Sol Patagonico E4Systems\Source Code\\solpatagonico\sections\facturacion.php,bajar_cliente( $cod_cliente ),25,24,16,3,1,0,0,0,
C:\Documents and Settings\181934\Desktop\Sol Patagonico E4Systems\Source Code\\solpatagonico\sections\facturacion.php,"bajar_sucursal( $cod_sucursal, $id_cliente )",25,24,15,3,1,0,0,0,
C:\Documents and Settings\181934\Desktop\Sol Patagonico E4Systems\Source Code\\solpatagonico\sections\facturacion.php,seleccionar( $datos ),25,24,23,2,1,0,0,0,
C:\Documents and Settings\181934\Desktop\Sol Patagonico E4Systems\Source Code\\solpatagonico\sections\facturacion.php,seleccionar(),10,10,9,1,0,0,0,0,
C:\Documents and Settings\181934\Desktop\Sol Patagonico E4Systems\Source Code\\solpatagonico\sections\facturacion.php,enter( funcion ),4,4,3,1,0,0,0,0,
C:\Documents and Settings\181934\Desktop\Sol Patagonico E4Systems\Source Code\\solpatagonico\sections\facturacion.php,preview(),4,4,4,0,0,0,0,0,
C:\Documents and Settings\181934\Desktop\Sol Patagonico E4Systems\Source Code\\solpatagonico\sections\facturacion.php,imprimir_comprobante( redireccion ),9,9,8,1,0,0,0,0,
C:\Documents and Settings\181934\Desktop\Sol Patagonico E4Systems\Source Code\\solpatagonico\sections\pedidos.php,bajar_cliente( $cod_cliente ),25,24,16,3,1,0,0,0,
C:\Documents and Settings\181934\Desktop\Sol Patagonico E4Systems\Source Code\\solpatagonico\sections\pedidos.php,"bajar_sucursal( $cod_sucursal, $id_cliente )",26,25,16,3,1,0,0,0,
C:\Documents and Settings\181934\Desktop\Sol Patagonico E4Systems\Source Code\\solpatagonico\sections\pedidos.php,bajar_producto( $cod_producto ),25,23,15,3,2,0,0,0,
C:\Documents and Settings\181934\Desktop\Sol Patagonico E4Systems\Source Code\\solpatagonico\sections\pedidos.php,"chequear_stock( $cantidad, $id )",24,22,12,3,1,0,1,11,
C:\Documents and Settings\181934\Desktop\Sol Patagonico E4Systems\Source Code\\solpatagonico\sections\pedidos.php,seleccionar(),12,12,11,1,0,0,0,0,
C:\Documents and Settings\181934\Desktop\Sol Patagonico E4Systems\Source Code\\solpatagonico\sections\pedidos.php,seleccionar_sucursal( id ),6,5,5,0,1,0,0,0,
C:\Documents and Settings\181934\Desktop\Sol Patagonico E4Systems\Source Code\\solpatagonico\sections\pedidos.php,seleccionar_cliente( id ),7,6,6,0,1,0,0,0,
C:\Documents and Settings\181934\Desktop\Sol Patagonico E4Systems\Source Code\\solpatagonico\sections\pedidos.php,seleccionar_producto( id ),6,5,5,0,1,0,0,0,
C:\Documents and Settings\181934\Desktop\Sol Patagonico E4Systems\Source Code\\solpatagonico\sections\pedidos.php,enter( funcion ),4,4,3,1,0,0,0,0,
C:\Documents and Settings\181934\Desktop\Sol Patagonico E4Systems\Source Code\\solpatagonico\sections\pedidos.php,preview(),10,10,9,1,0,0,0,0,
C:\Documents and Settings\181934\Desktop\Sol Patagonico E4Systems\Source Code\\solpatagonico\sections\pedidos.php,aprobar(),12,12,8,1,0,0,0,0,
C:\Documents and Settings\181934\Desktop\Sol Patagonico E4Systems\Source Code\\solpatagonico\sections\pedidos.php,limpiar(),7,7,7,0,0,0,0,0,
C:\Documents and Settings\181934\Desktop\Sol Patagonico E4Systems\Source Code\\solpatagonico\sections\pedidos.php,check_stock(),13,13,11,1,0,0,0,0,
C:\Documents and Settings\181934\Desktop\Sol Patagonico E4Systems\Source Code\\solpatagonico\sections\pedidos.php,agregar_producto(),73,66,61,3,7,3,0,16,
C:\Documents and Settings\181934\Desktop\Sol Patagonico E4Systems\Source Code\\solpatagonico\sections\pedidos.php,eliminar_producto( elem ),2,2,2,0,0,0,0,0,
C:\Documents and Settings\181934\Desktop\Sol Patagonico E4Systems\Source Code\\solpatagonico\sections\remito.php,bajar_camionero( $cod_camionero ),22,21,13,3,1,0,0,0,
C:\Documents and Settings\181934\Desktop\Sol Patagonico E4Systems\Source Code\\solpatagonico\sections\remito.php,"bajar_transporte( $cod_transporte, $dni_transportista )",27,25,14,3,2,0,0,0,
C:\Documents and Settings\181934\Desktop\Sol Patagonico E4Systems\Source Code\\solpatagonico\sections\remito.php,bajar_cliente( $cod_cliente ),25,24,16,3,1,0,0,0,
C:\Documents and Settings\181934\Desktop\Sol Patagonico E4Systems\Source Code\\solpatagonico\sections\remito.php,"bajar_sucursal( $cod_sucursal, $id_cliente )",25,24,15,3,1,0,0,0,
C:\Documents and Settings\181934\Desktop\Sol Patagonico E4Systems\Source Code\\solpatagonico\sections\remito.php,seleccionar(),18,18,17,1,0,0,0,0,
C:\Documents and Settings\181934\Desktop\Sol Patagonico E4Systems\Source Code\\solpatagonico\sections\remito.php,seleccionar_transporte( id ),6,5,5,0,1,0,0,0,
C:\Documents and Settings\181934\Desktop\Sol Patagonico E4Systems\Source Code\\solpatagonico\sections\remito.php,seleccionar_camionero( id ),7,6,6,0,1,0,0,0,
C:\Documents and Settings\181934\Desktop\Sol Patagonico E4Systems\Source Code\\solpatagonico\sections\remito.php,enter( funcion ),4,4,3,1,0,0,0,0,
C:\Documents and Settings\181934\Desktop\Sol Patagonico E4Systems\Source Code\\solpatagonico\sections\remito.php,preview(),9,9,8,1,0,0,0,0,
C:\Documents and Settings\181934\Desktop\Sol Patagonico E4Systems\Source Code\\solpatagonico\sections\reportes_81.php,"setMultipleValues_fecha(y,m,d)",2,2,2,0,0,0,0,0,
C:\Documents and Settings\181934\Desktop\Sol Patagonico E4Systems\Source Code\\solpatagonico\sections\reportes_81.php,"setMultipleValues_fechahasta(y,m,d)",2,2,2,0,0,0,0,0,
C:\Documents and Settings\181934\Desktop\Sol Patagonico E4Systems\Source Code\\solpatagonico\sections\reportes_82.php,bajar_cliente( $cod_cliente ),24,23,16,3,1,0,0,0,
C:\Documents and Settings\181934\Desktop\Sol Patagonico E4Systems\Source Code\\solpatagonico\sections\reportes_83.php,"setMultipleValues_fecha(y,m,d)",2,2,2,0,0,0,0,0,
C:\Documents and Settings\181934\Desktop\Sol Patagonico E4Systems\Source Code\\solpatagonico\sections\reportes_83.php,"setMultipleValues_fechahasta(y,m,d)",2,2,2,0,0,0,0,0,
C:\Documents and Settings\181934\Desktop\Sol Patagonico E4Systems\Source Code\\solpatagonico\sections\reportes_84.php,bajar_proveedor( $cod_proveedor ),23,22,15,3,1,0,0,0,
C:\Documents and Settings\181934\Desktop\Sol Patagonico E4Systems\Source Code\\solpatagonico\sections\reportes_87.php,"setMultipleValues_fecha(y,m,d)",2,2,2,0,0,0,0,0,
C:\Documents and Settings\181934\Desktop\Sol Patagonico E4Systems\Source Code\\solpatagonico\sections\reportes_87.php,"setMultipleValues_fechahasta(y,m,d)",2,2,2,0,0,0,0,0,
C:\Documents and Settings\181934\Desktop\Sol Patagonico E4Systems\Source Code\\solpatagonico\sections\tipos_transporte.php,"mover_elemento( origen, destino )",9,9,7,2,0,0,0,0,
C:\Documents and Settings\181934\Desktop\Sol Patagonico E4Systems\Source Code\\solpatagonico\sections\tipos_transporte.php,enviar(),13,13,11,4,0,0,0,0,
C:\Documents and Settings\181934\Desktop\Sol Patagonico E4Systems\Source Code\\solpatagonico\sys\actions.php,switch($action),30,30,24,6,0,0,0,0,
C:\Documents and Settings\181934\Desktop\Sol Patagonico E4Systems\Source Code\\solpatagonico\sys\logs.php,elseif( $action == 'frmVer' ),42,42,4,1,0,0,0,0,
C:\Documents and Settings\181934\Desktop\Sol Patagonico E4Systems\Source Code\\solpatagonico\sys\secciones.php,"act_posicion( id, posic, seccion, sector )",5,5,5,0,0,0,0,0,
C:\Documents and Settings\181934\Desktop\Sol Patagonico E4Systems\Source Code\\solpatagonico\sys\secciones.php,bajar_secciones( id_padre ),17,17,10,1,0,0,0,0,
